{"cameraMode":{"drawMode":0,"name":"Shaded","section":"Shading Mode"},"sceneLighting":true,"audioPlay":false,"sceneViewState":{"showFog":true,"showMaterialUpdate":false,"showSkybox":true,"showFlares":true,"showImageEffects":true,"showParticleSystems":true},"in2DMode":false,"pivot":{"x":-167.0283966064453,"y":551.4677734375,"z":-1729.955078125},"rotation":{"x":0.3536455035209656,"y":-0.012627080082893372,"z":0.004774505738168955,"w":0.9352821111679077},"size":2171.30029296875,"orthographic":false}